client_id,dormant_count,total_monthly_waste,segment
0,38,1964.1320053457334,High (over $150)
1,19,1401.5266832611833,High (over $150)
2,23,826.2629282939283,High (over $150)
3,11,501.28418635408707,High (over $150)
4,17,868.6969205746739,High (over $150)
5,9,507.5011626984127,High (over $150)
11,18,923.972201920865,High (over $150)
13,19,837.9805337301588,High (over $150)
14,18,1148.9831762820513,High (over $150)
16,26,1694.3818915945167,High (over $150)
17,27,1166.2237592338658,High (over $150)
19,9,163.27465277777776,High (over $150)
20,19,839.5351378815628,High (over $150)
21,15,500.0262053998633,High (over $150)
22,6,216.47742857142856,High (over $150)
24,20,943.6823888888889,High (over $150)
27,27,1060.4798850250627,High (over $150)
28,18,1083.0640156926406,High (over $150)
32,20,956.9893914141414,High (over $150)
33,19,1050.7676707362082,High (over $150)
34,22,1633.106056301069,High (over $150)
37,21,1185.701873015873,High (over $150)
38,12,883.0490293040293,High (over $150)
39,22,1493.1657585026085,High (over $150)
40,7,180.70914862914864,High (over $150)
42,14,563.1562717909542,High (over $150)
44,12,662.3645662393162,High (over $150)
45,11,288.44996428571426,High (over $150)
46,24,1603.3709345238094,High (over $150)
47,16,395.84485008047506,High (over $150)
48,14,559.0421480892402,High (over $150)
50,21,916.1057805435305,High (over $150)
51,17,1083.1391053815466,High (over $150)
52,24,1812.6123147902922,High (over $150)
53,12,877.34525,High (over $150)
55,17,585.271209090909,High (over $150)
57,25,1429.210441963867,High (over $150)
58,14,702.7462360435402,High (over $150)
59,18,855.1279751082252,High (over $150)
60,19,1474.3628094165592,High (over $150)
61,27,2410.8891850269615,High (over $150)
62,25,942.747353686636,High (over $150)
63,21,1156.5506155464545,High (over $150)
64,23,1257.6311934340943,High (over $150)
65,19,798.5973306727994,High (over $150)
68,17,1339.278756105006,High (over $150)
69,17,569.0610031512605,High (over $150)
73,22,1847.7679148098632,High (over $150)
74,7,355.8249603174603,High (over $150)
75,23,1056.9251445221446,High (over $150)
77,29,1779.3964213746779,High (over $150)
78,16,412.8173163921554,High (over $150)
79,18,1129.6693541666666,High (over $150)
80,20,740.4983388486513,High (over $150)
81,24,1227.8985668553669,High (over $150)
84,24,892.1693502600341,High (over $150)
86,11,502.8485476190476,High (over $150)
87,16,566.8197797703613,High (over $150)
89,19,1037.0424860500611,High (over $150)
90,18,1049.8365877192982,High (over $150)
92,26,1079.0633680502503,High (over $150)
94,14,812.8009904463353,High (over $150)
96,24,1911.6554160379096,High (over $150)
98,25,1008.1575586142826,High (over $150)
100,20,1115.7708125,High (over $150)
103,22,889.7568075396825,High (over $150)
104,17,1146.9600805500622,High (over $150)
106,20,914.734285074562,High (over $150)
107,19,1011.992456987457,High (over $150)
110,25,1759.7742835497836,High (over $150)
112,22,1412.7588303076852,High (over $150)
113,18,1264.5669084249084,High (over $150)
114,25,1360.0846249652022,High (over $150)
115,24,2297.382948001689,High (over $150)
116,14,746.1820101842602,High (over $150)
118,21,976.429505050505,High (over $150)
119,19,1195.0592856541607,High (over $150)
120,18,1285.1688769841269,High (over $150)
121,27,1376.712706092619,High (over $150)
122,20,1035.7468068511916,High (over $150)
123,25,853.2629997294372,High (over $150)
124,18,704.6669365079365,High (over $150)
125,19,530.6826666666667,High (over $150)
126,21,652.7937328774791,High (over $150)
127,20,1303.2081136825439,High (over $150)
128,22,729.4245641534392,High (over $150)
132,15,561.0606536796537,High (over $150)
133,18,1077.0550043290043,High (over $150)
134,13,789.094713980464,High (over $150)
135,16,888.2268333333334,High (over $150)
137,23,1164.1171973340797,High (over $150)
138,25,839.0810269138756,High (over $150)
140,21,771.1900597826087,High (over $150)
141,28,1073.3313613039008,High (over $150)
142,33,2126.846153325232,High (over $150)
144,20,767.6192406561659,High (over $150)
145,20,431.6855368993751,High (over $150)
146,21,1101.9312355699856,High (over $150)
147,23,1189.3017670517888,High (over $150)
148,22,1106.5212634920636,High (over $150)
149,13,678.458488095238,High (over $150)
150,20,788.7476999213568,High (over $150)
152,20,1233.779098293863,High (over $150)
153,14,525.344,High (over $150)
154,19,1107.6603552754434,High (over $150)
155,20,622.468591709993,High (over $150)
156,17,472.53038427923616,High (over $150)
157,25,1244.9801594169357,High (over $150)
160,14,601.6199664502165,High (over $150)
161,13,429.48726880693795,High (over $150)
162,19,1350.853700905797,High (over $150)
164,24,1053.4116319444445,High (over $150)
165,20,1471.1226054593553,High (over $150)
169,13,282.879848343015,High (over $150)
170,20,1018.4027678571429,High (over $150)
171,23,1481.551011904762,High (over $150)
172,18,683.717634920635,High (over $150)
173,21,1052.8506289571749,High (over $150)
176,25,1615.8823609903925,High (over $150)
177,19,1240.511443627451,High (over $150)
178,16,821.8389419191919,High (over $150)
180,23,961.5066428571429,High (over $150)
184,20,991.9310654761905,High (over $150)
185,17,1165.2032407347554,High (over $150)
190,19,821.0553440028001,High (over $150)
194,20,1299.69641,High (over $150)
196,13,770.1702002164502,High (over $150)
197,21,1143.5861909325113,High (over $150)
198,21,1264.8422142857144,High (over $150)
199,18,1319.4272662076878,High (over $150)
200,20,875.4806077992181,High (over $150)
201,8,354.9689523809524,High (over $150)
203,15,761.9636944444444,High (over $150)
205,12,603.9713023088024,High (over $150)
206,19,1022.3636543859649,High (over $150)
207,19,852.4292222222222,High (over $150)
208,23,1447.1080107017165,High (over $150)
209,17,656.1045273726273,High (over $150)
211,17,705.4284464285714,High (over $150)
212,16,924.4380368269813,High (over $150)
213,19,1148.1029957671958,High (over $150)
216,16,997.9081894409937,High (over $150)
217,30,1096.387813950072,High (over $150)
218,16,669.0242156862745,High (over $150)
219,17,525.5423493318276,High (over $150)
220,14,943.6687554112555,High (over $150)
222,20,1664.1378614718615,High (over $150)
225,25,1485.5058913863913,High (over $150)
227,27,2196.36515995116,High (over $150)
229,19,926.4387949134199,High (over $150)
230,15,540.5901565704543,High (over $150)
231,17,610.8201929531186,High (over $150)
233,15,839.2130659722222,High (over $150)
234,23,1330.4267719298246,High (over $150)
235,12,638.4800089285715,High (over $150)
236,17,1441.156987891419,High (over $150)
237,18,1116.1441023976024,High (over $150)
240,18,483.61294036519035,High (over $150)
241,15,780.3109848172123,High (over $150)
242,13,389.37045436507935,High (over $150)
244,19,1167.4829741019214,High (over $150)
246,20,2156.234079365079,High (over $150)
247,13,759.7443860665177,High (over $150)
248,16,764.6622715548341,High (over $150)
249,16,728.0593333333333,High (over $150)
250,23,1127.9472934329287,High (over $150)
252,28,1579.0175039640915,High (over $150)
254,28,1267.8640966512764,High (over $150)
256,15,700.3413724497724,High (over $150)
257,17,1029.4763490722892,High (over $150)
260,17,879.1350818903319,High (over $150)
261,18,1374.7329743044481,High (over $150)
264,19,936.8811111111112,High (over $150)
265,19,789.1197524942163,High (over $150)
267,14,570.3720873015873,High (over $150)
273,18,1497.329067098837,High (over $150)
274,20,1393.2289252645503,High (over $150)
275,22,1410.0646303104575,High (over $150)
277,25,789.9958130432412,High (over $150)
278,29,2666.3565915145537,High (over $150)
280,21,1336.1679897822764,High (over $150)
282,21,786.0040629093129,High (over $150)
285,21,852.3346066505712,High (over $150)
286,11,574.3801758658009,High (over $150)
287,23,693.335788068971,High (over $150)
291,14,502.26282666485645,High (over $150)
293,19,1241.0279965597267,High (over $150)
299,7,420.40927601809955,High (over $150)
300,20,1358.493269078144,High (over $150)
301,17,1299.3803931623931,High (over $150)
303,23,1678.593360958889,High (over $150)
305,8,178.10467414529916,High (over $150)
311,21,671.5089155844156,High (over $150)
313,17,1157.9228906926407,High (over $150)
315,8,296.28320536635704,High (over $150)
316,14,987.1049449023199,High (over $150)
317,10,579.1387142857143,High (over $150)
319,18,1359.5467344585177,High (over $150)
320,14,1078.7322462863933,High (over $150)
321,21,1082.469577311427,High (over $150)
322,13,278.03966558441556,High (over $150)
323,24,974.2758666666666,High (over $150)
327,19,801.1068234516028,High (over $150)
328,19,1286.1201519737012,High (over $150)
329,20,1086.0999951127867,High (over $150)
331,12,770.152636904762,High (over $150)
332,22,852.6755642729282,High (over $150)
334,16,961.3321677489178,High (over $150)
335,15,1149.63326659598,High (over $150)
338,15,998.9604523809525,High (over $150)
343,16,556.5138214259022,High (over $150)
345,24,1127.380998015873,High (over $150)
346,18,1024.5490968524252,High (over $150)
348,16,877.4329026610644,High (over $150)
349,24,706.8557145125158,High (over $150)
350,29,1608.5679036374845,High (over $150)
351,24,1075.5656525974025,High (over $150)
354,22,864.6991540616247,High (over $150)
356,30,1376.5924513800117,High (over $150)
357,24,1576.7740011059846,High (over $150)
359,22,1061.5341871991966,High (over $150)
360,17,614.860257992008,High (over $150)
361,17,934.0591666666667,High (over $150)
362,16,1315.007496176926,High (over $150)
363,23,789.0338764444352,High (over $150)
364,23,1091.624640081395,High (over $150)
366,18,1254.994931878307,High (over $150)
368,17,709.1460111772486,High (over $150)
369,24,2413.4577197640087,High (over $150)
370,26,1020.7898642439433,High (over $150)
371,26,3324.38528918899,High (over $150)
373,29,1027.7257943722943,High (over $150)
374,18,830.9450555555555,High (over $150)
375,18,929.9430865633076,High (over $150)
376,27,2065.513792195054,High (over $150)
377,29,1468.0250298251578,High (over $150)
379,27,1489.3406536663433,High (over $150)
380,17,885.0660861556744,High (over $150)
383,13,640.7279797077922,High (over $150)
385,21,592.5577985347985,High (over $150)
386,23,1121.7326898272404,High (over $150)
387,19,296.465028057834,High (over $150)
391,18,1046.2379722222222,High (over $150)
393,15,1046.0025057720059,High (over $150)
394,21,956.0731040204679,High (over $150)
395,18,1254.2217373312963,High (over $150)
397,14,425.27046611721613,High (over $150)
398,18,940.5848113553113,High (over $150)
400,24,968.9159285714286,High (over $150)
401,21,1390.2644912056928,High (over $150)
402,28,1619.3418477564103,High (over $150)
403,13,679.1019583333333,High (over $150)
408,29,2112.9137255799756,High (over $150)
410,6,210.10722222222222,High (over $150)
414,21,1993.7537595046083,High (over $150)
415,16,728.1312999681478,High (over $150)
416,22,503.0532240826806,High (over $150)
419,19,746.9086934337215,High (over $150)
421,17,806.4391319702864,High (over $150)
425,18,1072.240707906129,High (over $150)
427,16,747.2699137806637,High (over $150)
428,26,1667.995489206636,High (over $150)
430,20,1090.5832343232994,High (over $150)
432,15,745.8480826902567,High (over $150)
433,9,1010.8520925925926,High (over $150)
434,14,963.2154082113539,High (over $150)
437,21,1337.5304787107887,High (over $150)
438,10,425.50416666666666,High (over $150)
441,24,986.5917678862356,High (over $150)
442,22,2537.4210677521005,High (over $150)
447,19,658.4367940539852,High (over $150)
449,19,654.6548550346454,High (over $150)
450,20,1458.0923081550802,High (over $150)
451,19,585.9393599439776,High (over $150)
452,30,2157.2033273876946,High (over $150)
455,17,1326.6314206349207,High (over $150)
456,28,1102.595819042069,High (over $150)
457,18,1108.699087392836,High (over $150)
458,15,1203.2348452380952,High (over $150)
459,31,1323.0992935120435,High (over $150)
460,20,1467.1298067344533,High (over $150)
461,19,858.3605999254617,High (over $150)
462,24,1405.9149173658786,High (over $150)
464,14,772.7034570494865,High (over $150)
465,20,738.2083353174603,High (over $150)
467,26,1312.4973017676766,High (over $150)
468,13,668.1499490968802,High (over $150)
469,16,1210.177044827979,High (over $150)
470,20,886.9878522727272,High (over $150)
472,24,846.9603943744164,High (over $150)
473,21,783.1951456043955,High (over $150)
474,29,2403.76610259879,High (over $150)
476,25,1019.4238209568209,High (over $150)
477,21,1309.6530134952766,High (over $150)
478,27,1779.6745922177238,High (over $150)
479,15,722.7472267351385,High (over $150)
480,15,1152.0923059440559,High (over $150)
483,17,832.9072579365079,High (over $150)
487,19,1645.1993316396865,High (over $150)
488,18,828.8613962962963,High (over $150)
489,14,770.6982419908467,High (over $150)
490,36,4056.864832640807,High (over $150)
491,11,494.039,High (over $150)
494,18,748.8344417857329,High (over $150)
496,17,907.0597323633157,High (over $150)
497,16,828.9020068443051,High (over $150)
502,19,978.9461559064486,High (over $150)
503,20,472.3681135550496,High (over $150)
506,27,1679.7890495319496,High (over $150)
509,17,1005.3336726190475,High (over $150)
511,24,990.5482348294038,High (over $150)
514,20,911.5613830519721,High (over $150)
515,14,640.1710816624895,High (over $150)
517,19,474.8481757172566,High (over $150)
519,20,720.9226691586922,High (over $150)
520,20,1024.4319038184037,High (over $150)
523,15,926.5722506313132,High (over $150)
524,14,503.56847794117647,High (over $150)
525,20,938.6877009803922,High (over $150)
526,19,1551.8858573639623,High (over $150)
528,16,749.6098559749075,High (over $150)
530,22,586.0184906204906,High (over $150)
534,23,1536.9675533818033,High (over $150)
538,24,1121.8276739631335,High (over $150)
542,22,891.5725673056734,High (over $150)
543,18,1026.1411645299145,High (over $150)
545,18,1122.9123082473081,High (over $150)
546,15,950.8828902116402,High (over $150)
547,13,285.38550961293606,High (over $150)
549,22,1311.986744949495,High (over $150)
550,22,1090.691995941003,High (over $150)
552,23,1812.6086607142856,High (over $150)
554,23,1197.3328101204352,High (over $150)
556,29,1167.0894055435306,High (over $150)
557,19,786.1291524663847,High (over $150)
561,17,539.8544447004608,High (over $150)
563,16,1460.1555833333334,High (over $150)
564,18,774.3279173414305,High (over $150)
565,15,858.151258387446,High (over $150)
566,19,961.0945494591448,High (over $150)
569,6,253.43213095238096,High (over $150)
570,22,1129.660359972769,High (over $150)
571,17,583.8634146194363,High (over $150)
573,12,340.01306125080595,High (over $150)
575,20,1021.0858334500467,High (over $150)
576,21,840.1758119052159,High (over $150)
577,23,631.0965591214341,High (over $150)
580,14,789.041068526519,High (over $150)
581,22,837.2776809163059,High (over $150)
582,11,589.5340833333333,High (over $150)
583,19,780.8377982768865,High (over $150)
584,24,651.4241715083162,High (over $150)
585,16,869.7560429292929,High (over $150)
586,11,375.0537916666667,High (over $150)
589,13,435.9030833333333,High (over $150)
592,17,461.18788640873015,High (over $150)
595,23,913.5346944444444,High (over $150)
596,9,350.7969047619048,High (over $150)
597,17,935.2164040404041,High (over $150)
598,25,1138.6718675164907,High (over $150)
601,18,880.4163609022556,High (over $150)
602,22,1284.6061935499226,High (over $150)
604,21,1474.4020974025975,High (over $150)
605,18,967.1721350533525,High (over $150)
608,20,506.7809623015873,High (over $150)
609,19,683.6120086580087,High (over $150)
613,17,896.4908344670035,High (over $150)
614,15,735.6524761904761,High (over $150)
615,23,1163.1936927681993,High (over $150)
616,7,196.70958333333334,High (over $150)
618,16,512.3244005403579,High (over $150)
619,21,1103.8312984234235,High (over $150)
621,18,818.830862012987,High (over $150)
623,17,1170.8875898268398,High (over $150)
628,21,1192.28354700365,High (over $150)
629,17,1105.1458286150983,High (over $150)
630,21,950.2102893055776,High (over $150)
631,20,1053.147738095238,High (over $150)
633,19,1844.4390238095239,High (over $150)
634,23,1359.3728574342324,High (over $150)
636,15,714.2105055777556,High (over $150)
637,23,1763.7674384920635,High (over $150)
638,21,1549.959238011988,High (over $150)
639,21,964.5674023877357,High (over $150)
641,19,899.6553134175192,High (over $150)
642,23,1185.8222551352158,High (over $150)
643,28,1011.7156721472971,High (over $150)
644,14,550.1616127819549,High (over $150)
646,27,1223.1551612978524,High (over $150)
647,5,209.39042207792207,High (over $150)
648,13,518.71759375,High (over $150)
649,17,699.0194889369889,High (over $150)
650,11,495.3478946078431,High (over $150)
652,22,1156.8767668159514,High (over $150)
655,18,578.1348571428571,High (over $150)
657,18,825.3115123068366,High (over $150)
658,23,1531.088256478606,High (over $150)
659,18,813.7149389495368,High (over $150)
660,21,736.8776566416041,High (over $150)
661,6,161.78816666666668,High (over $150)
662,23,1067.221460652093,High (over $150)
663,28,1890.0365500039177,High (over $150)
665,17,794.5355968207517,High (over $150)
667,28,2125.7000371854274,High (over $150)
668,27,1224.5848058885558,High (over $150)
669,20,822.3153784528073,High (over $150)
671,17,1066.7230051282359,High (over $150)
672,24,830.8181117265087,High (over $150)
674,22,710.0762964929808,High (over $150)
675,12,783.51,High (over $150)
676,15,937.7110838613883,High (over $150)
677,20,1302.118257459889,High (over $150)
678,15,498.8043635402609,High (over $150)
679,17,468.72306684981686,High (over $150)
683,22,1425.7064317349318,High (over $150)
684,15,793.7800042735042,High (over $150)
688,9,521.398873015873,High (over $150)
692,23,767.6866218041217,High (over $150)
696,22,2901.965628282828,High (over $150)
697,13,848.5581547619048,High (over $150)
699,13,436.1867319360099,High (over $150)
702,27,1837.3718045106234,High (over $150)
704,26,2261.0543756382935,High (over $150)
705,23,1501.864901071151,High (over $150)
706,25,1876.7379006410256,High (over $150)
708,19,2103.2902162698415,High (over $150)
709,16,693.1362646520147,High (over $150)
711,14,604.5189921353157,High (over $150)
712,19,840.9897779165279,High (over $150)
714,18,934.3521151611546,High (over $150)
716,11,273.15863194444444,High (over $150)
719,25,1158.8548921703295,High (over $150)
720,14,643.8357307692307,High (over $150)
721,17,624.816141501762,High (over $150)
723,18,572.6758390092879,High (over $150)
724,21,1018.5507085137085,High (over $150)
726,18,631.6390529411135,High (over $150)
727,16,649.8653497510115,High (over $150)
728,17,1092.50290418968,High (over $150)
729,22,1597.1367633053221,High (over $150)
731,10,913.3337202380952,High (over $150)
732,14,515.5594686716792,High (over $150)
733,23,2107.961383211233,High (over $150)
734,20,511.8927004710975,High (over $150)
737,26,1128.306093604463,High (over $150)
738,16,1276.89855999556,High (over $150)
742,23,1250.4460535714286,High (over $150)
743,22,925.6396547619048,High (over $150)
744,20,1115.0850239898991,High (over $150)
746,26,1172.0457772556392,High (over $150)
747,17,595.0176075737987,High (over $150)
748,17,855.5072318563789,High (over $150)
750,24,854.3640277777778,High (over $150)
751,15,1029.2650148809523,High (over $150)
752,21,1806.928237942613,High (over $150)
753,11,534.7929206349206,High (over $150)
754,22,1397.3333237652446,High (over $150)
755,15,505.27535714285716,High (over $150)
756,16,1215.6845887445886,High (over $150)
757,19,839.1879757236228,High (over $150)
758,17,589.8986323763955,High (over $150)
759,22,1501.1837754419494,High (over $150)
760,22,836.4802441610677,High (over $150)
762,19,855.1927582417583,High (over $150)
763,28,2617.4782597957596,High (over $150)
764,30,1906.3695888817065,High (over $150)
771,17,696.3175,High (over $150)
772,16,429.68020444139194,High (over $150)
773,17,977.6636509678061,High (over $150)
774,17,558.455876984127,High (over $150)
776,19,1138.600066017316,High (over $150)
779,17,606.9004362992622,High (over $150)
780,5,118.71174641148326,Medium ($50-$150)
782,17,906.8195153769841,High (over $150)
783,18,631.6259867632367,High (over $150)
789,19,870.8326681704261,High (over $150)
790,14,749.1195889307825,High (over $150)
791,18,869.9134957264957,High (over $150)
793,20,799.2417233801145,High (over $150)
794,7,542.1044047619048,High (over $150)
795,19,1448.4327974089185,High (over $150)
797,19,1145.19973598542,High (over $150)
798,21,1694.270653846154,High (over $150)
799,18,842.9959844804318,High (over $150)
801,19,713.5948330129909,High (over $150)
802,21,1283.4419267865528,High (over $150)
803,20,783.6171139827152,High (over $150)
804,28,1655.6991611937754,High (over $150)
807,21,1050.736769668737,High (over $150)
808,25,1686.7987342930762,High (over $150)
810,26,1150.4312014456737,High (over $150)
811,24,2135.995427475347,High (over $150)
814,27,1292.0105648790927,High (over $150)
816,18,1056.5052843137255,High (over $150)
819,20,798.3239722152847,High (over $150)
820,32,1865.0833659831549,High (over $150)
821,20,562.1189682539683,High (over $150)
822,19,778.2875132275133,High (over $150)
823,22,1080.919137973138,High (over $150)
825,22,1846.7723785034248,High (over $150)
826,13,928.5915,High (over $150)
827,23,1377.3205695611578,High (over $150)
828,23,903.9132228249476,High (over $150)
831,19,905.0051831808543,High (over $150)
832,32,2646.8098816738816,High (over $150)
837,27,1158.398433968809,High (over $150)
839,8,411.2477692307692,High (over $150)
840,21,2382.1663932183974,High (over $150)
843,15,594.7871428571428,High (over $150)
844,12,902.753,High (over $150)
845,20,775.9388398692811,High (over $150)
846,25,1055.709114080075,High (over $150)
847,24,971.5025663144046,High (over $150)
848,16,1372.5180914918415,High (over $150)
849,14,594.3195686350373,High (over $150)
850,16,813.5009951678438,High (over $150)
851,18,829.2695885093168,High (over $150)
852,25,944.1018914386267,High (over $150)
855,20,580.809458179512,High (over $150)
856,24,2265.2161116554275,High (over $150)
858,14,501.8327857142857,High (over $150)
859,24,820.4462537878787,High (over $150)
860,12,679.4528787878788,High (over $150)
862,11,377.40676925770305,High (over $150)
863,11,467.3779761904762,High (over $150)
865,15,904.7553658903707,High (over $150)
866,14,1130.8815476190475,High (over $150)
868,24,1576.5216581029124,High (over $150)
869,21,987.4379215686274,High (over $150)
870,23,1302.140362803863,High (over $150)
871,20,1170.3848817758987,High (over $150)
872,22,1015.3131048387097,High (over $150)
875,12,587.4908106060607,High (over $150)
876,16,628.6054046003017,High (over $150)
877,19,1145.213842068747,High (over $150)
879,15,475.5950755693582,High (over $150)
882,18,721.4659710158263,High (over $150)
883,3,82.81866666666667,Medium ($50-$150)
884,23,881.4655137776876,High (over $150)
885,11,555.9145357142858,High (over $150)
888,18,1090.7778181818182,High (over $150)
890,19,1058.3714765607392,High (over $150)
891,25,1245.262787464986,High (over $150)
895,29,1253.9749636613387,High (over $150)
897,8,115.83466666666666,Medium ($50-$150)
898,18,678.2741221556222,High (over $150)
900,21,1078.787575280396,High (over $150)
901,21,731.6788162878788,High (over $150)
905,22,1338.50323995449,High (over $150)
906,22,1196.6617997364099,High (over $150)
908,30,1301.4183649308209,High (over $150)
909,15,1386.6429718065751,High (over $150)
912,22,1155.5281999052672,High (over $150)
913,15,628.7400396825396,High (over $150)
914,18,747.0013828571429,High (over $150)
917,17,546.6936291486292,High (over $150)
918,24,970.6811223082473,High (over $150)
920,11,314.50967030885784,High (over $150)
921,17,1935.7875335144927,High (over $150)
924,20,901.2242030494016,High (over $150)
928,15,449.3989364579928,High (over $150)
931,19,1523.5222502744007,High (over $150)
932,24,1125.9645206582634,High (over $150)
933,20,761.7548412698412,High (over $150)
938,22,1655.7070276001705,High (over $150)
939,11,652.3896430280246,High (over $150)
940,25,1074.7682005853624,High (over $150)
942,19,1313.1999444444446,High (over $150)
944,19,1282.699682997558,High (over $150)
946,26,1120.2209962754107,High (over $150)
947,26,1780.0069330903016,High (over $150)
948,22,1034.0320969765528,High (over $150)
949,26,1684.547061149961,High (over $150)
951,16,594.0065568783069,High (over $150)
952,26,2102.042894055646,High (over $150)
954,23,1295.2533893661894,High (over $150)
955,4,70.19,Medium ($50-$150)
957,22,1328.734140381405,High (over $150)
961,16,1233.1617356890404,High (over $150)
962,16,825.365447235513,High (over $150)
963,6,152.0655634920635,High (over $150)
964,21,1212.4558187704108,High (over $150)
970,19,1025.8712651517385,High (over $150)
972,20,1289.6720248015872,High (over $150)
973,19,486.86505988455986,High (over $150)
976,19,1388.288186114871,High (over $150)
977,20,762.1812491161853,High (over $150)
979,16,979.3598561157796,High (over $150)
980,24,969.9701655219781,High (over $150)
983,27,1315.5254586697615,High (over $150)
984,24,1231.461579004329,High (over $150)
985,24,1494.2830404317904,High (over $150)
986,12,560.4557023809524,High (over $150)
987,27,1712.722399508207,High (over $150)
988,16,663.0148235294117,High (over $150)
989,30,5383.482167397876,High (over $150)
990,14,468.294094030969,High (over $150)
992,19,1253.1870762570763,High (over $150)
994,20,673.6932094852683,High (over $150)
996,14,482.16666013252393,High (over $150)
997,30,1375.4300480247377,High (over $150)
1002,11,691.8664340463458,High (over $150)
1003,17,932.5612593370681,High (over $150)
1006,17,767.1401544928265,High (over $150)
1008,22,583.095092524629,High (over $150)
1009,17,708.7035554765271,High (over $150)
1012,11,643.8324761904762,High (over $150)
1016,10,162.97365277777777,High (over $150)
1018,24,1137.8286886775504,High (over $150)
1019,21,1024.4183870214754,High (over $150)
1020,30,2720.976120386966,High (over $150)
1022,21,1237.7788238668195,High (over $150)
1024,19,980.2592008987745,High (over $150)
1026,27,868.5867913905952,High (over $150)
1027,19,1207.4957634865134,High (over $150)
1028,24,1558.794533625731,High (over $150)
1029,18,1115.895115079365,High (over $150)
1030,17,725.2373842870093,High (over $150)
1031,18,1147.8159155925773,High (over $150)
1034,20,1593.9107245477833,High (over $150)
1039,20,987.0842142429065,High (over $150)
1041,17,1069.909567161703,High (over $150)
1046,22,1168.073725005387,High (over $150)
1047,25,1426.164720276154,High (over $150)
1048,16,806.0480883838384,High (over $150)
1050,16,894.1311405117483,High (over $150)
1052,22,1346.556664578112,High (over $150)
1053,30,2441.0531400395616,High (over $150)
1054,19,604.928573051948,High (over $150)
1058,15,677.83275,High (over $150)
1060,23,1152.8802848262849,High (over $150)
1063,22,1003.101124342161,High (over $150)
1066,17,1213.20622357269,High (over $150)
1067,25,1151.783620115995,High (over $150)
1069,18,707.2803855848452,High (over $150)
1070,23,963.5146894673953,High (over $150)
1072,12,673.9726281937017,High (over $150)
1073,25,1222.4657672586034,High (over $150)
1074,20,876.632011904762,High (over $150)
1075,15,1220.2534783549784,High (over $150)
1076,23,1121.3782312409812,High (over $150)
1077,24,1036.3462795284781,High (over $150)
1078,20,1912.7325245091652,High (over $150)
1079,17,1252.6223217710794,High (over $150)
1080,22,738.0888486444112,High (over $150)
1081,15,1054.6722878787878,High (over $150)
1082,11,460.14061904761905,High (over $150)
1083,16,723.2834246390864,High (over $150)
1084,20,1202.3420363929602,High (over $150)
1086,15,1452.2238095238095,High (over $150)
1087,17,741.3854869047619,High (over $150)
1088,20,1324.743080973455,High (over $150)
1089,18,884.7068466810966,High (over $150)
1091,16,1316.3762623376624,High (over $150)
1094,15,658.9018478739004,High (over $150)
1095,20,1169.3891714285714,High (over $150)
1096,23,1191.3338610017754,High (over $150)
1097,23,1019.3083089851325,High (over $150)
1098,27,1207.9415686773316,High (over $150)
1100,19,2408.2453659617504,High (over $150)
1102,18,1214.2247964364742,High (over $150)
1103,27,1180.4832148421024,High (over $150)
1104,25,1045.739342251379,High (over $150)
1105,17,710.0161223978257,High (over $150)
1106,22,529.6602066396235,High (over $150)
1107,24,1078.7476334221335,High (over $150)
1114,21,719.6503271075974,High (over $150)
1115,24,1230.6410363303744,High (over $150)
1116,21,1639.0493063551944,High (over $150)
1117,11,646.0593277310925,High (over $150)
1118,9,657.1297916666666,High (over $150)
1121,23,1285.3022675714922,High (over $150)
1123,14,435.0209521652864,High (over $150)
1125,9,416.0895952380952,High (over $150)
1127,17,807.1265886437909,High (over $150)
1128,25,776.2227569556261,High (over $150)
1129,20,890.5411902841782,High (over $150)
1130,29,1635.5729112842016,High (over $150)
1131,17,1036.7101468253968,High (over $150)
1133,19,671.7385506715507,High (over $150)
1135,20,1609.5332074314574,High (over $150)
1137,18,1022.4946907051283,High (over $150)
1138,21,482.7707986386637,High (over $150)
1140,13,828.1848311840121,High (over $150)
1141,25,1507.4703305860805,High (over $150)
1142,17,1541.4751917414692,High (over $150)
1144,29,1105.0070647692567,High (over $150)
1145,16,786.7179836760462,High (over $150)
1147,23,1407.401296067534,High (over $150)
1148,18,612.0144355921856,High (over $150)
1150,28,1889.087931998557,High (over $150)
1151,15,380.3272831918721,High (over $150)
1153,13,188.58449038461538,High (over $150)
1155,24,1444.1141942501943,High (over $150)
1156,19,1613.491991797676,High (over $150)
1163,16,1593.2051893939395,High (over $150)
1164,23,1850.6102109312255,High (over $150)
1166,21,1198.6648542149908,High (over $150)
1168,30,3349.06398306372,High (over $150)
1169,15,1074.0808712121213,High (over $150)
1170,16,636.1607808156755,High (over $150)
1171,20,1148.3178517316016,High (over $150)
1173,25,2054.32450229741,High (over $150)
1176,24,1157.5952787712288,High (over $150)
1177,19,699.8317512386968,High (over $150)
1179,22,1212.9714671717172,High (over $150)
1180,22,1004.6620365375522,High (over $150)
1181,21,1409.0175199594466,High (over $150)
1183,19,971.5618317506866,High (over $150)
1184,24,1210.2600873015872,High (over $150)
1187,19,772.7158888888889,High (over $150)
1189,16,809.2989704856691,High (over $150)
1190,18,1029.8702429392447,High (over $150)
1192,10,353.428529391661,High (over $150)
1193,24,1388.2619645909647,High (over $150)
1194,18,1003.0424365079365,High (over $150)
1195,23,1436.8180865508366,High (over $150)
1196,13,775.0859747242005,High (over $150)
1198,16,628.3572077067669,High (over $150)
1201,21,2029.9373888888888,High (over $150)
1202,18,180.8618931064385,High (over $150)
1203,14,506.9968548510313,High (over $150)
1204,21,1305.4307843406593,High (over $150)
1207,19,625.5058173076923,High (over $150)
1208,17,592.8135409663865,High (over $150)
1209,26,2309.8311716172475,High (over $150)
1210,26,1338.1220515318014,High (over $150)
1211,14,1209.6572764143536,High (over $150)
1213,16,571.9584166666667,High (over $150)
1214,16,1021.6599706959707,High (over $150)
1217,17,842.2173174603174,High (over $150)
1219,20,1503.8948332815276,High (over $150)
1221,13,825.2537885836385,High (over $150)
1222,20,903.4108533507567,High (over $150)
1224,22,1155.302058664116,High (over $150)
1225,14,659.2733333333333,High (over $150)
1226,15,792.8215374625374,High (over $150)
1227,18,973.0129183719434,High (over $150)
1228,21,1119.921753912754,High (over $150)
1229,22,1859.3536780131633,High (over $150)
1234,15,396.6378877314815,High (over $150)
1236,14,497.1894285714286,High (over $150)
1237,19,775.36440247729,High (over $150)
1238,19,2033.426131105006,High (over $150)
1239,23,1011.4817067532141,High (over $150)
1240,24,862.8054501563252,High (over $150)
1241,19,1546.6869718486664,High (over $150)
1242,22,977.969564258658,High (over $150)
1243,21,1470.0626438010265,High (over $150)
1245,24,790.4642940078927,High (over $150)
1246,23,897.2992132682937,High (over $150)
1247,27,1478.5171712454212,High (over $150)
1248,23,897.0075053096199,High (over $150)
1250,22,699.1381855860702,High (over $150)
1251,22,828.9176451118326,High (over $150)
1253,26,1413.3848814740065,High (over $150)
1254,14,555.108350885226,High (over $150)
1256,16,992.9668683261183,High (over $150)
1257,19,821.0327936507937,High (over $150)
1258,23,1129.874904851421,High (over $150)
1259,19,3053.1127364059657,High (over $150)
1260,14,412.090494047619,High (over $150)
1261,20,1954.0596584139032,High (over $150)
1262,18,629.8407992687052,High (over $150)
1263,16,875.8343333333333,High (over $150)
1266,14,584.8304506361451,High (over $150)
1267,16,1171.7375535714286,High (over $150)
1268,15,840.8050335497836,High (over $150)
1269,18,1409.7988559529758,High (over $150)
1274,28,1416.105283270291,High (over $150)
1276,22,1849.7265186202685,High (over $150)
1279,24,1119.0599034201666,High (over $150)
1281,17,786.1214018759019,High (over $150)
1282,17,621.8366666666666,High (over $150)
1283,20,1174.8821953991142,High (over $150)
1284,18,1120.8884571078431,High (over $150)
1285,29,3195.6929650578177,High (over $150)
1286,31,2231.4116666478762,High (over $150)
1288,16,493.3977131164587,High (over $150)
1289,9,127.92272222222222,Medium ($50-$150)
1291,20,1250.4477672752514,High (over $150)
1293,16,923.131588591577,High (over $150)
1294,26,1695.0388072587887,High (over $150)
1295,28,1248.8125706422402,High (over $150)
1296,27,1044.010704109129,High (over $150)
1298,15,500.16339545177044,High (over $150)
1299,23,1240.9380932802148,High (over $150)
1300,25,561.5177243987332,High (over $150)
1301,13,587.6789956140351,High (over $150)
1302,13,836.9179814912076,High (over $150)
1303,13,629.2243333333333,High (over $150)
1305,26,1243.11286509324,High (over $150)
1307,20,1240.2639651610646,High (over $150)
1313,20,971.0604893588796,High (over $150)
1314,25,1398.6314769935996,High (over $150)
1315,19,757.2700127245943,High (over $150)
1317,13,533.6642170868347,High (over $150)
1323,27,1470.2404104506606,High (over $150)
1324,15,840.4629096638655,High (over $150)
1326,19,1124.6594784599458,High (over $150)
1330,20,1225.717432998374,High (over $150)
1331,11,63.264429473304475,Medium ($50-$150)
1332,20,1187.8737581694006,High (over $150)
1334,14,647.3418066100567,High (over $150)
1335,22,1866.2142554961379,High (over $150)
1340,24,2007.697236772454,High (over $150)
1341,26,1250.1366971911493,High (over $150)
1344,19,1256.792003907857,High (over $150)
1345,26,1573.6652660256411,High (over $150)
1347,17,981.1887692307693,High (over $150)
1348,19,335.6319339755639,High (over $150)
1352,17,721.6872194616977,High (over $150)
1353,18,864.1577842365967,High (over $150)
1356,26,1082.7541726661711,High (over $150)
1357,18,979.8642872405372,High (over $150)
1358,10,140.10168317793318,Medium ($50-$150)
1360,16,571.6837661064426,High (over $150)
1361,13,893.5786215728715,High (over $150)
1362,19,961.4987161172162,High (over $150)
1364,16,384.44841514041514,High (over $150)
1366,18,1014.0971189398837,High (over $150)
1367,16,576.86883000333,High (over $150)
1369,18,888.8919393939393,High (over $150)
1370,17,974.0753125763126,High (over $150)
1371,18,840.5836618967452,High (over $150)
1376,19,1455.460099053724,High (over $150)
1378,23,880.4172695070453,High (over $150)
1379,32,1354.7714389892064,High (over $150)
1381,23,813.5154791080201,High (over $150)
1382,25,868.2975734373813,High (over $150)
1383,26,1809.2728579398442,High (over $150)
1384,13,1022.2265952380952,High (over $150)
1385,18,1370.8284069308745,High (over $150)
1391,18,1347.9291957671958,High (over $150)
1393,23,1150.5256652236653,High (over $150)
1394,19,836.2139300626275,High (over $150)
1397,17,798.7089182310744,High (over $150)
1398,19,1525.5593173366667,High (over $150)
1403,24,1563.9701349762322,High (over $150)
1404,13,409.57044871794875,High (over $150)
1405,23,1268.2263392857142,High (over $150)
1406,17,426.00226897025755,High (over $150)
1407,17,765.3729116461101,High (over $150)
1411,19,1105.0830568570318,High (over $150)
1412,29,1845.302030008734,High (over $150)
1413,18,420.7676556776557,High (over $150)
1416,25,1928.9872849291232,High (over $150)
1417,20,1642.4115704978026,High (over $150)
1421,9,499.81755303030303,High (over $150)
1422,26,793.9764395247378,High (over $150)
1424,20,754.3860429789802,High (over $150)
1425,26,1621.0579851190475,High (over $150)
1427,16,1142.4519135864136,High (over $150)
1428,11,180.66446890059626,High (over $150)
1429,15,736.9726934731934,High (over $150)
1430,24,1371.000841810967,High (over $150)
1432,21,1000.8467051467051,High (over $150)
1433,22,1111.3829853125385,High (over $150)
1434,12,390.0806076839827,High (over $150)
1435,24,1815.908217796093,High (over $150)
1437,16,757.0373090645165,High (over $150)
1439,13,419.14248834498835,High (over $150)
1442,24,1198.4349718289486,High (over $150)
1443,23,983.8800609393443,High (over $150)
1444,26,2401.3665231593573,High (over $150)
1445,11,282.4152888198758,High (over $150)
1446,14,823.8380472222223,High (over $150)
1448,14,677.0490741792929,High (over $150)
1449,24,769.6228653127918,High (over $150)
1451,24,920.9564814954953,High (over $150)
1452,25,2298.3908605699853,High (over $150)
1453,18,710.0812371157919,High (over $150)
1455,16,644.5962270105924,High (over $150)
1456,26,1317.5290542374294,High (over $150)
1458,18,1018.3072065295815,High (over $150)
1459,11,559.1002317149082,High (over $150)
1461,26,1057.2269626764848,High (over $150)
1463,16,432.28035546398047,High (over $150)
1464,15,853.2030455182073,High (over $150)
1466,29,1161.6634316934046,High (over $150)
1467,17,868.583517739604,High (over $150)
1470,19,762.9685586538461,High (over $150)
1471,14,610.4620449346405,High (over $150)
1473,19,690.6600868575869,High (over $150)
1475,27,1021.3743626969343,High (over $150)
1477,15,605.5544991324465,High (over $150)
1478,20,1022.5390498880205,High (over $150)
1479,13,482.47978535353536,High (over $150)
1482,19,1446.9837804855663,High (over $150)
1484,18,1045.6888697212623,High (over $150)
1485,18,1300.8390323275862,High (over $150)
1486,16,460.2181038992409,High (over $150)
1487,29,2425.665886728328,High (over $150)
1488,22,1040.02110681445,High (over $150)
1490,21,1166.0997872212583,High (over $150)
1492,22,1248.1134587163408,High (over $150)
1493,13,817.3809798534799,High (over $150)
1494,10,308.66929689754693,High (over $150)
1495,19,1251.494622301484,High (over $150)
1497,27,1339.8643744588744,High (over $150)
1498,28,1740.53056164729,High (over $150)
1499,12,437.50577922077923,High (over $150)
1500,22,1120.5265758383064,High (over $150)
1503,19,693.6585252525252,High (over $150)
1504,17,749.8804091573631,High (over $150)
1507,12,538.6379447482342,High (over $150)
1508,17,570.7474997334966,High (over $150)
1509,30,870.1390618496199,High (over $150)
1510,8,309.016,High (over $150)
1511,21,1005.3448873753059,High (over $150)
1512,23,1661.4238548781827,High (over $150)
1513,23,1976.5339729868563,High (over $150)
1514,18,847.8860523088023,High (over $150)
1515,28,1534.8317354071366,High (over $150)
1516,31,1425.4395942223484,High (over $150)
1517,21,1769.5652895437895,High (over $150)
1518,17,1293.1384141261965,High (over $150)
1519,20,930.1178302277432,High (over $150)
1520,23,1241.1275067495285,High (over $150)
1521,17,553.5593530020703,High (over $150)
1523,21,813.5110486793908,High (over $150)
1525,21,674.2517614180599,High (over $150)
1526,22,1007.8569615384615,High (over $150)
1527,4,171.64708333333334,High (over $150)
1528,25,941.1668681379008,High (over $150)
1529,22,1343.9208774360475,High (over $150)
1530,13,254.0771488095238,High (over $150)
1531,15,608.4468805500055,High (over $150)
1533,27,1967.1667693602694,High (over $150)
1534,24,2623.413107707415,High (over $150)
1535,27,1362.9744461163837,High (over $150)
1538,10,593.8968946608946,High (over $150)
1540,26,899.4799950071597,High (over $150)
1541,29,1276.513089689552,High (over $150)
1542,7,293.98099428104575,High (over $150)
1543,22,1400.3778933150184,High (over $150)
1544,16,998.54218502331,High (over $150)
1546,16,888.2857690540453,High (over $150)
1549,16,1303.26871994672,High (over $150)
1551,21,1597.4678248549758,High (over $150)
1552,16,1148.9613196778712,High (over $150)
1555,6,265.5541666666667,High (over $150)
1556,16,803.8755852130325,High (over $150)
1557,18,767.7931201298701,High (over $150)
1558,14,1108.770880952381,High (over $150)
1559,15,1012.3577605514811,High (over $150)
1560,18,726.7283284313726,High (over $150)
1561,19,1071.881543601823,High (over $150)
1562,21,946.8186865019039,High (over $150)
1563,21,904.426288692319,High (over $150)
1564,21,833.6593007246377,High (over $150)
1567,14,459.91351814851816,High (over $150)
1568,22,1148.3531308384597,High (over $150)
1569,16,522.2530257936507,High (over $150)
1571,20,1492.2447163009404,High (over $150)
1575,22,1531.1573557002937,High (over $150)
1576,27,1305.0077287712288,High (over $150)
1577,26,1299.4852857142857,High (over $150)
1579,25,1530.8817824412429,High (over $150)
1581,25,706.882136713191,High (over $150)
1582,8,398.66183333333333,High (over $150)
1583,15,367.1549755799756,High (over $150)
1584,14,674.7490753968253,High (over $150)
1585,17,835.6720577639752,High (over $150)
1586,16,1012.6766929824562,High (over $150)
1587,26,2176.1089468111977,High (over $150)
1589,7,352.3081785714286,High (over $150)
1591,27,1230.3168398184632,High (over $150)
1594,15,368.04122275641026,High (over $150)
1595,28,1859.7000543537486,High (over $150)
1596,19,1038.1531553454715,High (over $150)
1598,15,611.8650297619048,High (over $150)
1600,14,1126.3091209176519,High (over $150)
1602,11,591.3974583333334,High (over $150)
1603,17,928.5851914751914,High (over $150)
1604,21,681.5369970318494,High (over $150)
1605,16,867.3423375668449,High (over $150)
1606,14,1170.7633333333333,High (over $150)
1609,22,1539.7910962818141,High (over $150)
1610,20,491.6510817417876,High (over $150)
1613,17,1053.7722598244425,High (over $150)
1615,14,854.6745346075493,High (over $150)
1616,22,1727.982993867244,High (over $150)
1617,11,439.7043838383838,High (over $150)
1618,25,1193.3972284659785,High (over $150)
1619,12,544.1623154761905,High (over $150)
1621,15,940.049385532682,High (over $150)
1622,19,1535.6623777070881,High (over $150)
1623,14,475.1913638894838,High (over $150)
1626,28,2316.4214846681098,High (over $150)
1629,18,554.3442401592216,High (over $150)
1633,25,1243.2519906399718,High (over $150)
1634,20,490.26911199135833,High (over $150)
1635,12,552.0943796296297,High (over $150)
1636,13,414.5885490824535,High (over $150)
1638,17,805.646193200863,High (over $150)
1639,16,1201.482601734358,High (over $150)
1640,17,948.2677380952381,High (over $150)
1642,19,1286.973394126079,High (over $150)
1644,25,1579.4128167861018,High (over $150)
1645,24,1336.3373666383602,High (over $150)
1646,19,612.7846696792036,High (over $150)
1648,27,2146.372802354508,High (over $150)
1649,13,453.2462738095238,High (over $150)
1651,17,1233.2556140350878,High (over $150)
1652,17,649.6744122315592,High (over $150)
1654,35,2542.3750717669222,High (over $150)
1656,8,218.20625,High (over $150)
1659,19,1164.3397837481145,High (over $150)
1660,21,796.5427966200466,High (over $150)
1662,21,1427.0351577668669,High (over $150)
1664,26,929.7535306743317,High (over $150)
1666,17,700.2113508239073,High (over $150)
1668,19,1252.8470885075114,High (over $150)
1669,17,1312.254921176046,High (over $150)
1670,10,558.1938888888889,High (over $150)
1671,25,917.1207738095238,High (over $150)
1672,15,327.3989880952381,High (over $150)
1674,20,859.1754626623376,High (over $150)
1675,16,987.9600664613165,High (over $150)
1676,31,1427.5447613318054,High (over $150)
1677,15,914.0295961538461,High (over $150)
1678,22,1277.138143999138,High (over $150)
1680,3,64.28483333333334,Medium ($50-$150)
1682,14,624.2542955840456,High (over $150)
1684,12,719.3052333333333,High (over $150)
1685,22,1195.2665338827837,High (over $150)
1686,20,1618.0574558560497,High (over $150)
1687,21,1071.7006341593121,High (over $150)
1692,24,3049.7019430708183,High (over $150)
1693,19,1583.135851160675,High (over $150)
1694,24,1271.5903546341344,High (over $150)
1695,17,1345.4266501831503,High (over $150)
1696,23,1599.7038742414695,High (over $150)
1697,13,621.4314283988957,High (over $150)
1699,14,1186.9885227374252,High (over $150)
1700,8,354.27495454545453,High (over $150)
1702,18,974.8471011042099,High (over $150)
1703,34,2083.894974039768,High (over $150)
1709,21,752.5641758241759,High (over $150)
1710,15,538.833624404762,High (over $150)
1712,25,1218.4541909441475,High (over $150)
1717,21,1258.4026672901093,High (over $150)
1718,19,671.8653367548345,High (over $150)
1719,18,1333.920203591243,High (over $150)
1720,20,920.2059532967033,High (over $150)
1723,18,994.9812517825312,High (over $150)
1725,16,681.2482838827839,High (over $150)
1727,19,1626.4190014430014,High (over $150)
1728,17,968.5895833333333,High (over $150)
1730,13,651.472541125541,High (over $150)
1731,21,1181.8954285714285,High (over $150)
1733,19,585.8123359359938,High (over $150)
1735,27,1022.5410803821626,High (over $150)
1736,26,1334.0881985090932,High (over $150)
1737,13,418.32497162804515,High (over $150)
1740,7,333.03541666666666,High (over $150)
1741,18,961.2342509696186,High (over $150)
1742,20,1107.3946010023262,High (over $150)
1744,16,628.8087738095238,High (over $150)
1746,19,1283.8300257936507,High (over $150)
1749,16,944.0827922077922,High (over $150)
1750,26,2346.336133507193,High (over $150)
1752,20,1044.6607552447551,High (over $150)
1753,15,734.837943452381,High (over $150)
1755,16,595.909922077922,High (over $150)
1756,18,1153.2852915140415,High (over $150)
1757,27,877.1459971446491,High (over $150)
1758,20,842.1100461825756,High (over $150)
1759,30,946.4008694098598,High (over $150)
1762,6,280.4309404761905,High (over $150)
1763,23,846.3707409911927,High (over $150)
1764,12,550.5676423463848,High (over $150)
1765,19,1050.3832339917028,High (over $150)
1766,14,832.4279379744652,High (over $150)
1769,21,615.3882621278575,High (over $150)
1770,12,358.4438790574668,High (over $150)
1771,22,1488.0933202303288,High (over $150)
1772,21,1162.1075622900412,High (over $150)
1774,16,684.245429738562,High (over $150)
1775,9,545.7264444444444,High (over $150)
1776,29,1542.1844663461538,High (over $150)
1777,25,1389.566276248869,High (over $150)
1779,18,732.3086765873015,High (over $150)
1781,18,631.4306137566138,High (over $150)
1782,18,818.3561626984127,High (over $150)
1783,23,976.7484025435349,High (over $150)
1785,21,874.655257936508,High (over $150)
1786,16,816.2777600258538,High (over $150)
1787,20,1434.2385063476536,High (over $150)
1788,27,962.3470596812501,High (over $150)
1789,24,1335.9317618066166,High (over $150)
1791,18,747.183615079365,High (over $150)
1793,13,391.8183397435897,High (over $150)
1794,14,979.2401321548822,High (over $150)
1797,32,2393.047807363121,High (over $150)
1799,21,1516.5344517704518,High (over $150)
1802,24,2220.47281862007,High (over $150)
1805,17,450.2782839788215,High (over $150)
1807,24,1113.9101524173336,High (over $150)
1808,16,929.0125793650793,High (over $150)
1809,33,2088.5652917832167,High (over $150)
1810,20,952.390101589956,High (over $150)
1811,26,2730.0926036031406,High (over $150)
1812,21,1735.6607564192343,High (over $150)
1813,29,1332.786315125461,High (over $150)
1815,25,1317.9747525231944,High (over $150)
1816,19,887.9991755952382,High (over $150)
1817,23,1451.0548622639437,High (over $150)
1818,28,1617.873157584667,High (over $150)
1820,16,913.7116153846154,High (over $150)
1823,25,1549.8662090548341,High (over $150)
1825,17,789.7920321824517,High (over $150)
1826,21,299.09931753412826,High (over $150)
1827,23,1630.1057092005217,High (over $150)
1830,19,1090.985089031977,High (over $150)
1833,12,497.9954087301587,High (over $150)
1834,17,872.809472686162,High (over $150)
1837,17,888.6064945054944,High (over $150)
1840,20,781.8990719399072,High (over $150)
1842,20,852.5194775015905,High (over $150)
1843,32,1556.774423438386,High (over $150)
1844,17,979.978633689309,High (over $150)
1846,15,443.2750836385836,High (over $150)
1849,13,503.68657182082154,High (over $150)
1851,22,2045.6918093711843,High (over $150)
1852,28,2099.241336534698,High (over $150)
1853,18,666.9546779097478,High (over $150)
1854,15,818.4357954545454,High (over $150)
1855,20,1032.0948169274288,High (over $150)
1856,27,1384.54874012099,High (over $150)
1857,19,1028.336432449903,High (over $150)
1858,17,576.5379299242425,High (over $150)
1859,23,865.8109811030472,High (over $150)
1861,21,1246.579813072552,High (over $150)
1862,8,99.26080128205129,Medium ($50-$150)
1863,17,1337.9878674043534,High (over $150)
1871,19,843.6966889499389,High (over $150)
1872,26,1561.4128435176794,High (over $150)
1873,22,975.429716332498,High (over $150)
1874,20,745.8802874026669,High (over $150)
1875,20,1171.515989094239,High (over $150)
1876,13,867.4564166666667,High (over $150)
1877,17,1144.3904534062428,High (over $150)
1879,19,1174.5147375541126,High (over $150)
1880,28,1222.9968806016739,High (over $150)
1881,22,778.3956630591631,High (over $150)
1882,20,1348.1829722222221,High (over $150)
1885,21,956.6778470988077,High (over $150)
1888,31,1721.6457848139255,High (over $150)
1891,26,1059.5367846035545,High (over $150)
1895,23,1111.8100570887445,High (over $150)
1896,24,838.0274043436334,High (over $150)
1897,22,1411.4709844119843,High (over $150)
1898,15,1001.7270185647685,High (over $150)
1899,11,391.2467678401164,High (over $150)
1901,15,806.1536572871572,High (over $150)
1902,19,1166.9171082757823,High (over $150)
1903,18,1221.7447034514505,High (over $150)
1904,29,1075.1518953326367,High (over $150)
1905,10,375.4246111111111,High (over $150)
1908,32,2596.158429873728,High (over $150)
1909,15,693.499780456042,High (over $150)
1910,19,1163.1428730263158,High (over $150)
1913,18,953.2067925550915,High (over $150)
1915,24,1935.8613875985125,High (over $150)
1916,17,514.8570724460725,High (over $150)
1917,22,1473.501668831169,High (over $150)
1918,20,992.9729182900433,High (over $150)
1919,22,1509.9658234173364,High (over $150)
1920,28,1695.899524110149,High (over $150)
1921,24,1142.1223137418137,High (over $150)
1923,22,1598.5355681860624,High (over $150)
1926,15,934.7511836358946,High (over $150)
1928,28,1559.546985396856,High (over $150)
1931,22,2009.6270611426128,High (over $150)
1936,29,975.6717207982076,High (over $150)
1937,25,1851.290070541232,High (over $150)
1940,21,605.0875995309793,High (over $150)
1941,19,796.5105148239372,High (over $150)
1942,8,75.3547391688771,Medium ($50-$150)
1944,23,1031.45555982906,High (over $150)
1945,19,943.2036785714286,High (over $150)
1946,17,854.1905468975469,High (over $150)
1954,12,566.1881518925519,High (over $150)
1955,21,906.9021908879585,High (over $150)
1956,18,930.8722230392157,High (over $150)
1957,11,1433.8350833333334,High (over $150)
1958,17,882.0883902930403,High (over $150)
1959,19,2161.344244047619,High (over $150)
1962,22,1397.5013367403205,High (over $150)
1963,28,1698.1299042237001,High (over $150)
1964,20,1089.352296811699,High (over $150)
1966,18,811.8228286935586,High (over $150)
1967,28,1036.0916486427604,High (over $150)
1969,33,2120.819421400128,High (over $150)
1971,23,908.1774227581628,High (over $150)
1972,18,626.2248555611055,High (over $150)
1973,20,1047.8905317460317,High (over $150)
1975,13,1011.496,High (over $150)
1976,18,1452.881621895648,High (over $150)
1977,16,737.1133055555556,High (over $150)
1979,14,748.4430416666667,High (over $150)
1980,19,807.1059185083922,High (over $150)
1981,17,822.8059794372294,High (over $150)
1983,30,1599.9079576950828,High (over $150)
1985,12,303.32703532400024,High (over $150)
1986,14,580.9209961484594,High (over $150)
1987,13,672.4316847041847,High (over $150)
1988,32,2931.1735149729657,High (over $150)
1989,19,2344.967866783951,High (over $150)
1992,22,970.7222725299745,High (over $150)
1993,12,736.3795060690943,High (over $150)
1994,20,961.9788971404413,High (over $150)
1995,25,1503.769173969424,High (over $150)
1996,18,1054.4880761255872,High (over $150)
1997,13,866.3669583333333,High (over $150)
1998,19,517.4016475468976,High (over $150)
